-113.5576037,53.30747991,"Costco - 22584 46 Ave E, AB-2-S Exit 522; Nisku",AB T0C 0V0>825-319-2061 
-110.732632,50.062658,Costco (Gas) - 2350 Box Springs Blvd NW; Medicine Hat,AB T1C 0C8>403-581-5702
-112.794871,49.660711,Costco (Gas) - 3200 Mayor Magrath Dr S; Lethbridge,AB T1K 6Y6>403-320-8903
-113.94889,50.70502,Costco (Gas) - 202-104 Southbank Blvd; Okotoks,AB T1S 0G1>403-995-5150
-113.98864,51.07883,Costco - 2853 32nd St NE; Calgary,AB T1Y 6T7>403-299-1620
-113.911809,51.04179,Costco (Gas/Diesel) - 75 E Hills Blvd SE; Calgary,AB T2A 6J8>587-470-4458
-114.044867,50.98953,Costco (Gas) - 99 Heritage Gate SE; Calgary,AB T2H 3A7>403-313-7650
-114.16206,51.15717,Costco (Gas) - 11588 Sarcee Trl NW; AB-201 Exit 46; Calgary,AB T3R 0A1>403-516-3701
-114.145197,50.93637,Costco (Gas) - 12905 Buffalo Run Blvd; Tsuut'ina,AB T3T 0E3>587-441-8180
-113.984357,51.210648,Costco (Gas) - 300-293020 Crossiron Blvd; AB-2 Exit 275; Rocky View,AB T4A 0J6>403-516-5052
-113.802295,52.266741,Costco (Gas) - 162 Leva Ave; AB-2 Exit 391; Red Deer,AB T4E 1B9>403-340-1924
-113.41394,53.59538,Costco (Gas) - 13650 50th St; Edmonton,AB T5A 4Y3>780-478-0066
-113.649012,53.545587,Costco - 10310 186 St NW; Edmonton,AB T5S 2X6>825-525-5771
-113.68796,53.5286,Costco (Gas) - 7259 Winterburn Rd; Edmonton,AB T5T 6T7>780-341-2810
-113.57876,53.57903,Costco (Gas) - 12450 149th St NW; Edmonton,AB T5V 1G9>780-455-7575
-113.468621,53.455234,Costco (Gas) - 2616 91st St NW; Edmonton,AB T6N 1N2>780-577-1200
-113.3184,53.54635,Costco (Gas) - 2201 Broadmoor Blvd; Sherwood Park,AB T8H 0A1>780-410-2520
-113.639642,53.671545,Costco (Gas) - 1075 Saint Albert Trail; Saint Albert,AB T8N 4K6>780-544-2008
-118.845291,55.169518,Costco (Gas) - 9901 116th St; Grand Prairie,AB T8V 6H6>780-539-9373
-113.552477,53.308225,Costco (Gas) - 2584 46 Ave E Airport Rd; AB-2 Exit 522; Nisku,AB T9E 1K2>825-319-2061
-149.803725,61.211183,Costco (Gas) - 4125 DeBarr Rd; Anchorage,AK 99508>907-269-9510
-149.88409,61.143268,Costco (Gas/Diesel) - 330 W Dimond Blvd; Anchorage,AK 99515>907-349-2335
-147.707275,64.852882,Costco (Gas) - 48 College Rd; Fairbanks,AK 99701>907-205-3607
-134.482326,58.359471,Costco - 5225 Commercial Blvd; Juneau,AK 99801>907-780-6740
-86.812736,33.379407,Costco (Gas) - 3650 Galleria CR; I-459 Exit 13; Hoover,AL 35244>205-909-1039
-86.602743,34.743447,Costco (Gas) - 1205 Memorial Pkwy NW; I-565 Exit 19; Huntsville,AL 35801>256-519-2223
-86.150351,32.364358,Costco (Gas) - 8251 Eastchase Pkwy; I-85 Exit 11; Montgomery,AL 36117>334-270-7460
-88.117864,30.64957,Costco (Gas) - 1450 Tingle Circle W; I-65 Exit 1; Mobile,AL 36606>251-308-7030
-92.452328,34.758578,Costco (Gas) - 16901 Chenal Pkwy; Little Rock,AR 72223>501-817-8603
-111.985145,33.474271,Costco (Gas) - 4502 East Oak St; Phoenix,AZ 85008>602-808-0101
-112.127938,33.492157,Costco (Gas) - 3801 N 33rd Ave; I-17 Exit 202; Phoenix,AZ 85017>480-293-2123
-112.115858,33.659513,Costco (Gas/Diesel) - 19001 N 27th Ave; I-17 Exit 214; Phoenix,AZ 85027>623-293-4403
-111.986626,33.604148,Costco (Gas) - 4570 E Cactus Rd; Phoenix,AZ 85032>480-308-7044
-112.028789,33.67133,Costco (Gas) - 2450 E Beardsley Rd; AZ-101 Exit 28; Phoenix,AZ 85050>480-375-2850
-111.6354704,33.26425109,Costco (Gas/Diesel) - 20260 S Ellsworth Rd;  Queen Creek,AZ 85142 >480-847-1000
-111.669376,33.388798,Costco (Gas) - 1444 S Sossaman Rd; AZ-60 Exit 189; Mesa,AZ 85209>480-333-6550
-111.898873,33.293473,Costco (Gas) - 595 S Galleria Way; AZ-202 Exit 50B; Chandler,AZ 85226>480-375-2051
-111.840433,33.376299,Costco (Gas) - 1415 N Arizona Ave; AZ-60 Exit 179; Gilbert,AZ 85233>480-293-0053
-111.900647,33.62407,Costco (Gas) - 15255 N Hayden Rd; AZ-101 Exit 38/39; Scottsdale,AZ 85260>480-948-5040
-111.96185,33.34713,Costco (Gas) - 1445 W Elliot Rd; I-10 Exit 157; Tempe,AZ 85284>480-496-6651
-111.744989,33.296136,Costco (Gas) - 2887 S Market St; Gilbert,AZ 85295>480-366-3950
-112.232641,33.642349,Costco (Gas) - 17550 N 79th Ave; AZ-101 Exit 15; Glendale,AZ 85308>623-776-4003
-112.410033,33.609339,Costco (Gas) - 16385 W Waddell Rd; Surprise,AZ 85388>602-325-1799
-112.274438,33.467334,Costco (Gas) - 10000 W McDowell Rd; I-10 Exit 133; Avondale,AZ 85392>623-907-5663
-110.859813,32.251294,Costco (Gas) - 6255 E Grant Rd; Tucson,AZ 85712>520-886-6376
-110.946766,32.179971,Costco (Gas) - 1650 E Tucson Marketplace; I-10 Exit 261; Tuscon,AZ 85713>520-791-7340
-111.04966,32.326112,Costco (Gas) - 3901 W Costco Dr; I-10 Exit 250; Tucson,AZ 85741>520-797-1980
-112.396843,34.547881,Costco (Gas/Diesel) - 3911 AZ-69; Prescott,AZ 86301>928-541-2203
-120.388151,50.654991,Costco (Gas) - 1675 Versatile Dr; Kamloops,BC V1S 1W7>250-374-4209
-119.430054,49.880477,Costco - 2125 Baron Rd; Kelowna,BC V1X 0B2>250-870-5200
-122.771487,53.883146,Costco (Gas) - 2555 Range Rd; Prince George,BC V2N 4GB>250-561-1784
-122.266127,49.022821,Costco (Gas) - 1127 Sumas Way; BC-1 Exit 92; Abbotsford,BC V2S 8H2>604-850-3458
-122.654811,49.119599,Costco (Gas) - 20499 64th Ave; Langley,BC V2Y 1N5>604-539-8902
-122.74518,49.256434,Costco (Gas) - 2370 Ottawa St; Port Coquitlam,BC V3B 7Z1>604-552-1158
-122.84572,49.13744,Costco - 7423 King George Hwy; Surrey,BC V3W 5A8>604-596-7435
-122.9189,49.25132,Costco - 3550 Brighton Ave; Burnaby,BC V5A 4W3>604-420-2338
-122.9189,49.25132,Costco - 3550 Brighton Ave; Burnaby,BC V5A 4W3>604-420-2338
-123.001236,49.261654,Costco - 4500 Still Creek Dr; BC-1 Exit 29; Burnaby,BC V5C 0E5>604-435-6695
-123.001236,49.261654,Costco - 4500 Still Creek Dr; Burnaby,BC V5C 0E5>604-435-6695
-123.10879,49.27861,Costco - 605 Expo Blvd; Vancouver,BC V6B 1V4>604-622-5050
-123.122824,49.192502,Costco - 9151 Bridgeport Rd; BC-99 Exit 39; Richmond,BC V6X 3L9>604-270-6523
-123.501499,48.458039,Costco (Gas) - 799 McCallum Rd; Victoria,BC V9B 6A2>250-391-0972
-124.9619,49.713216,Costco (Gas) - 588 Crown Isle Blvd; Courtenay,BC V9N 0A6>250-331-8700
-124.045,49.236774,Costco - 6700 Island Highway N; Nanaimo,BC V9V 1K8>250-390-3231
-118.263965,34.129009,Costco - 2901 Los Feliz Blvd; I-5 Exit 141; Los Angeles,CA 90039>323-644-5201
-118.141262,33.994516,Costco (Gas/Diesel) - 6333 Telegraph Rd; I-5 Exit 128; Commerce,CA 90040>323-767-2640
-118.342576,33.918618,Costco (Gas/Diesel) - 12530 Praire Ave; Hawthorne,CA 90250>310-220-8826
-118.373465,33.899816,Costco (Gas) - 14501 Hindry Ave; I-405 Exit 43; Hawthorne,CA 90250>310-727-0403
-118.447453,33.993031,Costco (Gas) - 13463 Washington Blvd; Marina del Rey,CA 90292>310-754-2003
-118.333785,33.943286,Costco (Gas) - 3560 W Century Blvd; Inglewood,CA 90303>310-242-2777
-118.334226,33.80822,Costco (Gas/Diesel) - 2640 Lomita Blvd; Torrance,CA 90505>310-891-1020
-117.9687,33.933034,Costco (Gas) - 101 N Beach Blvd; La Habra,CA 90631>562-524-0001
-118.102311,33.919881,Costco (Gas/Diesel) - 12324 Hoxie Ave; I-605 Exit 9 or 10; Norwalk,CA 90650>562-929-0826
-118.136754,33.8505,Costco (Gas) - 340 Lakewood Center Mall; Lakewood,CA 90712>562-295-1506
-118.039464,33.804531,Costco (Gas) - 5401 Katella Ave; I-605 Exit 1; Cypress,CA 90720>562-668-5152
-118.16474,33.803265,Costco (Gas) - 2200 E Willow St; I-405 Exit 29; Signal Hill,CA 90755>562-427-2537
-118.550325,34.230673,Costco (Gas) - 8810 Tampa Ave; Northridge,CA 91324>818-775-1860
-118.427186,34.272342,Costco (Gas) - 13550 Paxton St; CA-118 Exit 44; Pacoima,CA 91331>818-272-2700
-118.797122,34.152178,Costco - 5700 Lindero Canyon Rd; CA-101 Exit 39; Westlake Village,CA 91362>818-597-3901
-118.602814,34.186963,Costco (Gas/Diesel) - 21800 Victory Blvd; Woodland Hills,CA 91367>818-884-9099
-118.461634,34.404672,Costco (Gas) - 18649 Via Princessa; CA-14 Exit 6; Santa Clarita,CA 91387>661-250-2818
-118.463562,34.181421,Costco (Gas) - 6100 Sepulveda Blvd; I-405 Exit 65; Van Nuys,CA 91411>818-464-1480
-118.323807,34.185815,Costco (Gas) - 1051 W Burbank Blvd; I-5 Exit 146; Burbank,CA 91506>818-557-3783
-118.380171,34.199735,Costco - 11428 Sherman Way; North Hollywood,CA 91605>818-423-7082
-117.925681,34.131982,Costco (Gas) - 1220 W Foothill Blvd; I-210 Exit 38; Azusa,CA 91702>626-812-7911
-117.742454,34.014146,Costco (Gas) - 13111 Peyton Dr; Chino Hills,CA 91709>909-464-2900
-117.548114,34.079006,Costco (Gas) - 11800 4th St; I-15 Exit 110; Rancho Cucamonga,CA 91739>909-581-1700
-117.922303,33.994637,Costco (Gas) - 17550 Castleton St; CA-60 Exit 18; City of Industry,CA 91748>626-839-3053
-117.556991,34.000208,Costco (Gas) - 5030 Hammer Ave; I-5 Exit 105; Eastvale,CA 91752>951-749-7190
-118.103251,34.037264,Costco (Gas) - 2000 Market Place Dr; Monterey Park,CA 91755>323-890-1904
-117.50423,34.063807,Costco - 3680 E Guasti Rd; I-10 Exit 56; Ontario,CA 91761>909-789-1221
-117.690558,34.083034,Costco (Gas) - 9404 Central Ave; I-10 Exit 49; Montclair,CA 91763>909-575-5004
-117.828417,34.113535,Costco (Gas) - 520 N Lone Hill Ave; San Dimas,CA 91773>909-962-5507
-118.148531,34.089515,Costco (Gas) - 2207 W Commonwealth Ave; Alhambra,CA 91803>626-289-7164
-117.022265,32.637558,Costco (Gas/Diesel) - 895 East H St; I-805 Exit 7; Chula Vista,CA 91910>619-656-0826
-117.083846,32.608833,Costco (Gas) - 1130 Broadway; I-5 Exit 6; Chula Vista,CA 91911>619-205-1501
-117.024581,32.773775,Costco (Gas) - 8125 Fletcher Pkwy; I-8 Exit 13; La Mesa,CA 91941>619-667-8504
-117.31655,33.120138,Costco (Gas) - 951 Palomar Airport Rd; I-5 Exit 47; Carlsbad,CA 92011>760-929-0963
-117.032326,32.93518,Costco (Gas) - 12155 Tech Center Dr; Poway,CA 92064>858-848-2451
-117.124706,33.136465,Costco (Gas) - 725 Center Dr; CA-78 Exit 16; San Marcos,CA 92069>760-480-6615
-116.987309,32.841297,Costco (Gas) - 101 Town Center Pkwy; Santee,CA 92071>619-562-3227
-117.183533,33.137211,Costco - 150 S Bent Ave; CA-78 Exit 12; San Marcos,CA 92078>760-410-5681
-117.276448,33.18833,Costco (Gas) - 1755 Hacienda Dr; CA-78 Exit 4; Vista,CA 92081>760-631-7255
-117.116054,32.712802,Costco (Gas) - 650 Gateway Center Dr; CA-94 Exit 2; San Diego,CA 92102>619-358-2303
-117.128624,32.782487,Costco (Gas) - 2345 Fenton Pkwy; San Diego,CA 92108>619-358-4000
-117.153749,32.816477,Costco - 7803 Othello Ave; San Diego,CA 92111>858-790-6750
-117.225899,32.823589,Costco (Gas) - 4605 Morena Blvd; I-5 Exit 23; San Diego,CA 92117>858-270-6920
-117.076942,32.987135,Costco (Gas) - 12350 Carmel Mountain Rd; San Diego,CA 92128>858-675-0248
-116.389363,33.803945,Costco (Gas) - 72800 Dinah Shore Dr; I-10 Exit 131; Palm Desert,CA 92211>760-770-2810
-115.572955,32.812024,Costco (Gas) - 2030 N Imperial Ave; El Centro,CA 92243>760-353-2380
-116.273501,33.704383,Costco (Gas) - 79795 CA-111; La Quinta,CA 92253>760-775-0370
-117.443071,34.137526,Costco (Gas) - 16505 Sierra Lakes Pkwy; I-210 Exit 66 or 67; Fontana,CA 92336>909-770-5639
-117.318536,34.515099,Costco (Gas) - 14555 Valley Center Dr; I-15 Exit 151; Victorville,CA 92392>760-524-9904
-117.263372,34.06839,Costco (Gas) - 1099 E Hospitality Ln; I-10 Exit 74; San Bernardino,CA 92408>909-478-3445
-117.339829,33.696321,Costco (Gas) - 29315 Central Ave; I-15 Exit 77; Lake Elsinore,CA 92532>951-253-6030
-117.277018,33.935476,Costco (Gas) - 12700 Day St; CA-60 Exit 59; Moreno Valley,CA 92553>951-697-8900
-117.1705889,33.60054342,Costco (Gas) - 35875 Warm Spgs Pkwy; Murrieta,CA 92563>951-223-4839
-117.154362,33.521227,Costco (Gas/Diesel) - 26610 Ynez Rd; I-15 Exit 61; Temecula,CA 92591>951-719-2000
-117.745618,33.660192,Costco (Gas/Diesel) - 115 Technology West Dr; I-5 Exit 94; Irvine,CA 92618>949-453-0435
-117.996841,33.732982,Costco (Gas) - 7562 Center Ave; I-405 Exit 16; Huntington Beach,CA 92647>714-372-7510
-117.678038,33.46957,Costco (Gas) - 33961 Doheny Park Rd; San Juan Capistrano,CA 92675>949-240-3558
-117.676959,33.555311,Costco (Gas) - 27972 Cabot Rd; Laguna Niguel,CA 92677>949-364-0217
-117.710912,33.566778,Costco (Gas) - 27220 Heather Ridge Rd; Laguna Niguel,CA 92677>949-389-8703
-117.993071,33.768513,Costco - 13225 Beach Blvd; Westminster,CA 92683>657-400-7006
-117.931733,33.703448,Costco (Gas) - 17900 Newhope; I-405 Exit 12; Fountain Valley,CA 92708>714-338-2183
-117.822905,33.699912,Costco (Gas) - 2700 Park Ave; Tustin,CA 92782>714-338-1933
-117.796501,33.728469,Costco - 2655 El Camino Real; I-5 Exit 101; Tustin,CA 92782>714-838-7895
-117.922128,33.862454,Costco (Gas) - 900 S Harbor Blvd; CA-91 Exit 28; Fullerton,CA 92832>714-738-7521
-117.940721,33.772405,Costco (Gas) - 11000 Garden Grove Blvd; CA-22 Exit 11; Garden Grove,CA 92843>714-638-6308
-117.522629,33.88612,Costco (Gas) - 480 N McKinley St; CA-91 Exit 53; Corona,CA 92879>951-279-1190
-117.743992,33.875818,Costco (Gas) - 22633 Savi Ranch Pkwy; CA-91 Exit 39; Yorba Linda,CA 92887>714-282-6650
-119.147739,34.225207,Costco (Gas/Diesel) - 2001 E Ventura Blvd; CA-101 Exit 60/61; Oxnard,CA 93036>805-983-4200
-118.796294,34.283786,Costco (Gas/Diesel) - 2660 Park Center Dr; CA-118 Exit 22; Simi Valley,CA 93065>805-578-3301
-119.874786,34.427788,Costco - 7095 Market Place Dr; CA-101 Exit 108; Goleta,CA 93117>805-685-3199
-119.50206,36.328655,Costco (Gas/Diesel) - 2395 E Lacey Blvd; Hanford,CA 93230>559-670-6008
-119.306547,36.29282,Costco (Gas/Diesel) - 1405 W Cameron Ave; Visalia,CA 93277>559-735-2400
-119.049137,35.384448,Costco (Gas/Diesel) - 3800 Rosedale Hwy; CA- 99 Exit 26; Bakersfield,CA 93308>661-852-2643
-119.058331,35.297436,Costco (Gas) - 4900 Panama Ln; CA-99 Exit 20; Bakersfield,CA 93313>661-398-4740
-120.691223,35.251848,Costco (Gas) - 1540 Froom Ranch Way; San Luis Obispo,CA 93405>805-541-7000
-120.419782,34.927552,Costco (Gas/Diesel) - 1700 S Bradley Rd; Santa Maria,CA 93454>805-928-8459
-118.151561,34.66175,Costco (Gas) - 1141 W Ave L; CA-14 Exit 41; Lancaster,CA 93534>661-802-4470
-119.70065,36.806001,Costco (Gas) - 2270 Clovis Ave; Clovis,CA 93612>559-291-3377#1360
-119.787951,36.839631,Costco (Gas/Diesel) - 7100 N Abby St; CA-41 Exit 134; Fresno,CA 93720>559-437-3643
-119.874082,36.809907,Costco (Gas) - 4500 W Shaw Ave; CA-99 Exit 140; Fresno,CA 93722>559-271-6511
-121.668553,36.703852,Costco - 1339 N Davis Rd; CA-101 Exit 330; Salinas,CA 93907>831-424-4242
-121.845388,36.616958,Costco - 801 Tioga Ave; Sand City,CA 93955>831-899-1256
-122.095432,37.420747,Costco - 1000 N Rengstorff Ave; CA-101 Exit 400; Mountain View,CA 94043>650-988-1841
-122.216576,37.479307,Costco (Gas) - 2300 Middlefield Rd; CA-101 Exit 408; Redwood City,CA 94063>650-365-9384
-122.448871,37.665603,Costco (Gas) - 1600 El Camino Real; South San Francisco,CA 94080>650-757-3003
-122.401137,37.661183,Costco - 900 Dubuque Ave; CA-101 Exit 425; South San Francisco,CA 94080>650-784-4047
-122.400632,37.642356,Costco (Gas) - 451 S Airport Blvd; South San Francisco,CA 94080>650-872-2021
-121.994668,37.372026,Costco (Gas) - 150 Lawrence Station Rd; CA-101 Exit 394; Sunnyvale,CA 94086>408-470-8000
-122.410808,37.770712,Costco - 450 10th St; San Francisco,CA 94103>415-626-4388
-122.27469,37.561758,Costco - 1001 Metro Center Blvd; Foster City,CA 94404>650-286-0739
-121.838914,38.009793,Costco (Gas) - 2201 Verne Roberts Cir; CA-4 Exit 26; Antioch,CA 94509>925-757-7130
-122.034196,37.959142,Costco (Gas/Diesel) - 2400 Monument Blvd; Concord,CA 94520>925-566-4003
-121.972853,37.78259,Costco - 3150 Fostoria Way; I-680 Exit 38; Danville,CA 94526>925-277-0407
-122.144911,38.215406,Costco (Gas) - 5101 Business Center Dr; I-80 Exit 40; Fairfield,CA 94534>707-864-3816
-121.973307,37.50183,Costco (Gas) - 43621 Pacific Commons Blvd; I-880 Exit 15; Fremont,CA 94538>510-897-1091
-122.10278,37.667516,Costco - 22330 Hathaway Ave; I-880 Exit 29; Hayward,CA 94541>510-259-6600
-122.088805,37.615927,Costco (Gas) - 28505 Hesperian Blvd; I-880 Exit 25; Hayward,CA 94545>510-921-3126
-121.812562,37.702888,Costco (Gas) - 2800 Independence Dr; I-580 Exit 50; Livermore,CA 94551>925-443-6306
-122.181804,37.720511,Costco (Gas) - 1900 Davis St; I-880 Exit 34; San Leandro,CA 94577>510-562-6708
-122.213426,38.133233,Costco (Gas) - 198 Plaza Dr; I-80 Exit 33; Vallejo,CA 94591>707-553-6400
-122.322617,37.898005,Costco (Gas) - 4801 Central Ave; I-580 Exit 14; Richmond,CA 94804>510-898-2003
-122.717443,38.353073,Costco (Gas/Diesel) - 5901 Redwood Dr; CA-101 Exit 483; Rohnert Park,CA 94928>707-540-9113
-122.550638,38.087262,Costco - 300 Vintage Way; CA-101 Exit 460/462; Novato,CA 94945>415-899-1332
-121.556611,37.008381,Costco (Gas) - 7251 Camino Arroyo; CA-101 Exit 356; Gilroy,CA 95020>408-848-0700
-121.938725,37.357265,Costco (Gas) - 1601 Coleman Ave; Santa Clara,CA 95050>408-567-9000
-122.034014,36.984381,Costco (Gas/Diesel) - 220 Sylvania Ave; Santa Cruz,CA 95060>831-469-0961
-121.851795,37.309751,Costco (Gas) - 2201 Senter Rd; San Jose,CA 95112>408-275-0199
-121.879999,37.253214,Costco - 5301 Almaden Expressway; CA-85 Exit 5; San Jose,CA 95118>408-723-0964
-121.78469,37.243211,Costco (Gas/Diesel) - 6898 Raleigh Rd; San Jose,CA 95119>408-908-7929
-121.809565,37.317951,Costco - 2376 S Evergreen Loop; San Jose,CA 95122>669-236-4679
-121.884167,37.390484,Costco (Gas) - 1709 Automation Pkwy; I-680 Exit 5; San Jose,CA 95131>408-678-2150
-121.292752,38.018799,Costco (Gas) - 1616 E Hammer Ln; CA-99 Exit 258; Stockton,CA 95210>209-478-2045
-121.263328,38.10026,Costco (Gas) - 2680 Reynolds Ranch Pkwy; CA-99 Exit 263; Lodi,CA 95240>209-366-7300
-121.260319,37.785154,Costco (Gas) - 2440 Daniels St; CA-120 Exit 3; Manteca,CA 95336>209-825-8200
-120.496987,37.303226,Costco (Gas) - 1445 R Street; Merced,CA 95340>209-725-5020
-121.066252,37.700208,Costco (Gas) - 3801 Pelandale Ave; CA-99 Exit 233; Modesto,CA 95356>209-342-4903
-121.475704,37.750507,Costco (Gas) - 3250 W Grant Line Rd; I-205 EXit 6; Tracy,CA 95377>209-830-5343
-120.888552,37.519131,Costco (Gas) - 2955 N Tegner Rd; CA-99 Exit 215; Turlock,CA 95380>209-656-5301
-122.711425,38.419813,Costco (Gas) - 1900 Santa Rosa Ave; CA-101 Exit 488; Santa Rosa,CA 95407>707-566-6420
-123.197292,39.130108,Costco (Gas) - 1275 Airport Park Blvd; Ukiah,CA 95482>707-313-8012
-124.182942,40.792172,Costco (Gas) - 1006 W Wabash Ave; Eureka,CA 95501>707-441-8750
-121.29713,38.689428,Costco (Gas) - 7000 Auburn Blvd; Citrus Heights,CA 95621>916-560-4000
-121.109486,38.645499,Costco (Gas/Diesel) - 1800 Cavitt Ct; CA-50 Exit 27; Folsom,CA 95630>916-850-1000
-121.267708,38.780118,Costco (Gas/Diesel) - 6750 Stanford Ranch Rd; CA-65 Exit 307; Roseville,CA 95678>916-789-1485
-121.980193,38.35053,Costco (Gas) - 1051 Hume Way; Vacaville,CA 95687>707-453-7343
-121.263848,38.588193,Costco (Gas) - 11260 White Rock Rd; Rancho Cordova,CA 95742>916-724-2240
-121.414025,38.407634,Costco (Gas/Diesel) - 7400 Elk Grove Blvd; Elk Grove,CA 95757>916-465-6050
-121.722189,38.672585,Costco (Gas) - 2299 Bronze Star Dr; I-5 Exit 536; Woodland,CA 95776>530-406-2120
-121.452667,38.597106,Costco (Gas) - 1600 Expo Pkwy; Sacramento,CA 95815>916-563-7002
-121.385529,38.607845,Costco - 3360 El Camino Ave; Sacramento,CA 95821>916-426-4556
-121.414341,38.468475,Costco (Gas) - 7981 E Stockton Blvd; Sacramento,CA 95823>916-682-3569
-121.811364,39.721196,Costco (Gas) - 2100 Dr MLK Pkwy; CA-99 Exit 384; Chico,CA 95928>530-332-1740
-122.344951,40.586359,Costco - 1300 Dana Dr; Redding,CA 96003>530-222-0199
-105.083002,39.790269,Costco (Gas) - 5195 Wadsworth Blvd; I-70 Exit 269; Arvada,CO 80002>303-463-3603
-104.868706,39.690654,Costco (Gas) - 1471 S Havana; Aurora,CO 80012>303-750-2116
-104.983261,39.99149,Costco (Gas) - 16375 N Washington St; I-25 Exit 228 or 229; Thornton,CO 80023>303-474-3255
-105.174286,39.959535,Costco (Gas) - 600 Marshall Rd; Superior,CO 80027>720-587-1000
-105.066639,39.862391,Costco (Gas) - 6400 W 92nd Ave; Westminster,CO 80030>303-650-1476
-105.008148,39.643831,Costco (Gas) - 4000 River Point Pkwy; Sheridan,CO 80110>303-200-1830
-105.086534,39.636904,Costco (Gas) - 7900 W Quincy Ave; Littleton,CO 80123>303-933-4931
-104.877403,39.557748,Costco (Gas) - 8686 Park Meadows Center Dr; Littleton,CO 80124>303-708-0012
-104.775951,39.555576,Costco (Gas) - 18414 Cottonwood Dr; I-470 Exit 5; Parker,CO 80134>303-583-1937
-105.014405,39.709312,Costco - 400 S Zuni St; I-25 Exit 207; Denver,CO 80223>303-830-4533
-105.0862996,40.15199795,Costco (Gas/Diesel) -  205 E Ken Pratt Blvd; Longmont,CO 80501 >303-827-2534
-104.98892,40.520554,Costco (Gas/Diesel) - 4705 Weitzel St; I-25 Exit 265; Timnath,CO 80547>970-416-6115
-104.821879,38.905252,Costco (Gas) - 5050 N Nevada Ave; Colorado Springs,CO 80918>719-264-5010
-104.71771,38.892736,Costco (Gas) - 5885 Barnes Rd; Colorado Springs,CO 80922>719-591-3000
-106.890825,39.644362,Costco (Gas/Diesel) - 170 Cooley Mesa Rd; Gypsum,CO 81637>970-328-7601
-72.764989,41.709821,Costco (Gas) - 405 Hartford Rd; New Britain,CT 06053>860-893-7001
-72.555862,41.818296,Costco (Gas) - 1220 Tamarack Ave; South Windsor,CT 06074>860-474-4031
-72.575101,41.994163,Costco (Gas) - 75 Freshwater Blvd; I-91 Exit 47; Enfield,CT 06082>860-394-2001
-72.212701,41.359448,Costco (Gas) - 284 Flanders Rd; I-95 Exit 74; East Lyme,CT 06333>860-739-4700
-73.024667,41.250934,Costco (Gas) - 1718 Boston Post Rd; Milford,CT 06460>203-882-8881
-72.967736,41.539385,Costco (Gas) - 3600 E Main St; I-84 Exit 25 or 26; Waterbury,CT 06705>203-596-9967
-73.406385,41.441957,Costco (Gas) - 200 Federal Rd; Brookfield,CT 06804>203-740-7623
-73.451455,41.092017,Costco - 779 Connecticut Ave; Norwalk,CT 06854>203-822-2000
-76.950432,38.920378,Costco - 2441 Market St NE; Washington,DC 20018>202-269-8540
-75.647557,39.677752,Costco (Gas) - 900 Center Blvd; Newark,DE 19702>302-894-0511
-81.46280157,29.98204278,Costco (Gas) - 215 World Commerce Pkwy; Saint Augustine,FL 32092>904-687-1299
-81.756252,30.20226,Costco (Gas) - 8000 Parramore Rd; I-295 Exit 12; Jacksonville,FL 32244>904-479-7521
-81.533481,30.251894,Costco - 4901 Gate Pkwy; Jacksonville,FL 32246>904-997-7003
-84.212088,30.460557,Costco (Gas) - 4067 Lagniappe Way; Tallahassee,FL 32317>850-219-2500
-81.417349,28.660994,Costco (Gas) - 741 Orange Ave; I-4 Exit 92; Altamonte Springs,FL 32714>407-786-7802
-81.300069,28.599536,Costco (Gas) - 3333 University Blvd; Winter Park,FL 32792>407-681-2119
-81.406853,28.40457,Costco (Gas) - 2101 Waterbridge Blvd; Orlando,FL 32837>407-586-7271
-81.424902,28.495409,Costco (Gas) - 4696 Gardens Park Blvd; Orlando,FL 32839>407-586-7221
-80.712627,28.191263,Costco (Gas) - 4305 Pineda Causeway; I-95 Exit 188; Melbourne,FL 32934>321-428-2910
-80.29903,25.923078,Costco (Gas) - 16580 NW 59th Ave; Miami Lakes,FL 33014>305-825-9818
-80.360331,26.009617,Costco (Gas) - 15915 Pines Blvd; I-75 Exit 9; Pembroke Pines,FL 33027>954-266-3460
-80.150038,26.273362,Costco (Gas) - 1800 W Sample Rd; I-95 Exit 39; Pompano Beach,FL 33064>954-247-3554
-80.277933,26.287219,Costco (Gas) - 4621 Coral Ridge Dr; Coral Springs,FL 33076>954-715-8240
-80.322723,25.77376,Costco (Gas) - 7795 W Flagler St; Miami,FL 33144>786-482-7135
-80.15412,25.913716,Costco (Gas) - 14800 Sole Mia Way; North Miami,FL 33181>305-955-8711
-80.41256,25.653246,Costco (Gas) - 13450 SW 120th Street; Miami,FL 33186>305-964-4227
-80.247437,26.096586,Costco (Gas) - 1890 S University Dr; I-595 Exit 5; Davie,FL 33324>954-370-8990
-80.087587,26.807198,Costco (Gas) - 3250 Northlake Blvd; I-95 Exit 77; Palm Beach Gardens,FL 33403>561-776-3052
-80.221067,26.683311,Costco (Gas) - 11001 Southern Blvd; Royal Palm Beach,FL 33411>561-803-8830
-80.071094,26.588488,Costco (Gas) - 1873 Lantana Rd; I-95 Exit 61; Lantana,FL 33462>561-533-0958
-80.100373,26.412806,Costco (Gas) - 17800 Congress Ave; Boca Raton,FL 33487>561-981-5004
-82.33135,27.921299,Costco (Gas) - 10921 Causeway Blvd; Brandon,FL 33511>813-952-0103
-82.392838,28.188421,Costco (Gas) - 2225 Grand Cypress Dr; Lutz,FL 33559>813-279-7031
-82.58107,28.044266,Costco (Gas) - 8712 W Linebaugh Ave; Tampa,FL 33625>813-616-7001
-82.728772,27.956167,Costco (Gas) - 2655 Gulf to Bay Blvd; Clearwater,FL 33759>727-373-1951
-81.874196,26.544566,Costco (Gas) - 7171 Cypress Lake Dr; Fort Myers,FL 33907>239-415-3806
-81.785933,26.489631,Costco (Gas) - 10088 Gulf Center Dr; I-75 Exit 128; Fort Myers,FL 33913>239-433-7242
-81.775331,26.220651,Costco (Gas) - 6275 Naples Blvd; Naples,FL 34109>239-596-6404
-82.471902,27.502994,Costco (Gas) - 805 Lighthouse Dr; Bradenton,FL 34212>941-213-0747
-82.494371,27.234098,Costco (Gas) - 8201 S Tamiami Trail; Sarasota,FL 34328>941-554-2800
-84.277495,34.090509,Costco (Gas) - 2855 Jordan Ct; GA-19 Exit 11; Alpharetta,GA 30004>678-823-4950
-84.115514,34.211457,Costco (Gas) - 1211 Bald Ridge Marina Rd; Cumming,GA 30041>470-239-6610
-84.143039,33.947764,Costco (Gas) - 3980 Venture Dr; Duluth,GA 30096>770-622-1330
-84.569719,34.004777,Costco (Gas) - 645 Barrett Pkwy; I-75 Exit 269; Kennesaw,GA 30144>770-794-1767
-84.762488,33.762488,Costco (Gas) - 1715 Charles Hardy Pkwy; Dallas,GA 30157>404-806-4595
-84.526622,34.119031,Costco (Gas) - 113 Lincoln St; Woodstock,GA 30188>770-694-7193
-84.333622,33.571916,Costco (Gas) - 1700 Mount Zion Rd; I-75 Exit 233; Morrow,GA 30260>678-201-0003
-84.621501,33.401469,Costco (Gas) - 40 Fischer Crossing Dr; Sharpsburg,GA 30277>678-621-8602
-84.336724,33.872188,Costco (Gas) - 500 Brookhaven Ave; Atlanta,GA 30319>404-460-1915
-84.353593,33.928307,Costco (Gas) - 6350 Peachtree Dunwoody Rd; GA-19 Exit 5; Atlanta,GA 30328>770-352-8660
-84.469816,33.880435,Costco (Gas) - 2900 Cumberland Mall; I-285 Exit 20; Atlanta,GA 30339>770-431-1700
-83.996563,34.062092,Costco (Gas) - 1550 Mall of Georgia Blvd; I-85 Exit 115; Buford,GA 30519>678-288-3009
-85.194667,34.968399,Costco (Gas) - 100 Cobb Parkway; I-75 Exit 353; Ringgold,GA 30736>706-891-2579
-82.020258,33.524536,Costco (Gas) - 825 Cabela Dr; I-20 Exit 200; Augusta,GA 30909>706-739-1709
-81.279439,32.079968,Costco (Gas) - 200 Mosaic Circle; Pooler,GA 31322>912-348-4569
-158.087532,21.32673,Costco (Gas) - 4589 Kapolei Pkwy; Kapolie Oahu,HI 96707>808-674-3900
-156.450774,20.887142,Costco (Gas) - 540 Haleakala Hwy; Kahului Maui,HI 96732>808-877-5248
-156.01647,19.685045,Costco (Gas/Diesel) - 73-5600 Maiau St; Kona Hawaii,HI 96740>808-331-4800
-159.379545,21.967039,Costco (Gas) - 4300 Nuhou St; Lihue Hawaii,HI 96766>808-241-4000
-158.000376,21.42656,Costco (Gas) - 94-1231 Ka Uka Blvd; Waipahu Oahu,HI 96797>808-678-6103
-157.87112,21.318564,Costco (Gas) - 525 Alakawa St; Honolulu Oahu,HI 96817>808-526-6103
-157.709496,21.283655,Costco - 333A Keahole St; Honolulu Oahu,HI 96825>808-396-5538
-93.805066,41.56272,Costco (Gas) - 7205 Mills Civic Pkwy; I-35 Exit 70; West Des Moines,IA 50266>515-222-2921
-91.617249,41.69748,Costco (Gas) - 2900 Heartland Dr; I-80 Exit 240; Coralville,IA 52241>319-545-3200
-90.533227,41.575966,Costco (Gas) - 2790 E 53rd St; I-74 Exit 1; Davenport,IA 52807>563-893-7004
-112.45517,42.904996,Costco (Gas) - 305 W Quinn; Pocatello,ID 83202>208-238-4040
-114.463844,42.592958,Costco (Gas) - 731 Pole Line Rd; Twin Falls,ID 83301>208-736-1550
-111.984268,43.511486,Costco (Gas/Diesel) - 2495 E Lincoln Rd; Idaho Falls,ID 83401>986-497-3149
-116.434008,43.657466,Costco (Gas) - 3403 W Chinden Blvd; Meridian,ID 83646>986-200-4144
-116.589753,43.614889,Costco (Gas) - 16700 N Marketplace Blvd; I-84 Exit 33; Nampa,ID 83687>208-465-3810
-116.27669,43.585077,Costco (Gas) - 2051 S Cole Rd; I-84 Exit 50; Boise,ID 83709>208-321-8703
-116.783026,47.708846,Costco (Gas/Diesel) - 355 East Neider Ave; Coeur D'Alene,ID 83815>208-676-7350
-87.821582,42.109363,Costco (Gas) - 2900 Patriot Blvd; Glenview,IL 60026>847-730-1003
-87.903328,42.238313,Costco (Gas) - 25901 Riverwoods Rd; Mettawa,IL 60045>847-235-1300
-88.093412,42.187135,Costco (Gas) - 680 S Rand Rd; Lake Zurich,IL 60047>847-540-3053
-87.932579,42.083331,Costco (Gas) - 999 N Elmhurst Rd; Mount Prospect,IL 60056>847-660-2000
-88.133133,41.941111,Costco (Gas) - 505 W Army Trail Rd; Bloomingdale,IL 60108>630-351-3010
-88.339285,42.178622,Costco (Gas) - 250 N Randall Rd; Lake in the Hills,IL 60156>847-960-9909
-87.836304,41.910016,Costco (Gas/Diesel) - 8400 W North Ave; Melrose Park,IL 60160>708-397-2905
-88.042213,42.055271,Costco (Gas) - 1375 N Meacham Rd; Schaumburg,IL 60173>847-969-0790
-88.343044,41.909392,Costco (Gas) - 221 S Randall Rd; Saint Charles,IL 60174>630-549-2022
-88.032535,41.728379,Costco (Gas) - 830 E Boughton Rd; Bolingbrook,IL 60440>630-410-0702
-87.861904,41.599465,Costco (Gas) - 9915 W 159th St; Orland Park,IL 60462>708-645-5336
-87.965854,41.845484,Costco (Gas) - 1901 W 22nd St; Oak Brook,IL 60523>630-928-0235
-87.807117,41.844441,Costco (Gas) - 2500 S Harlem Ave; North Riverside,IL 60546>708-853-1017
-88.12388,41.798588,Costco - 1255 E Ogden Ave; Naperville,IL 60563>331-215-5612
-88.203357,41.745328,Costco (Gas) - 1320 S Rte 59; Naperville,IL 60564>630-328-2900
-88.167038,41.586826,Costco (Gas) - 16261 S Blvd Pl; I-55 Exit 257; Plainfield,IL 60586>815-676-1170
-87.66687,41.86271,Costco (Gas) - 1430 S Ashland Ave; Chicago,IL 60608>312-492-3600
-87.676904,41.929504,Costco (Gas) - 2746 N Clybourn Ave; Chicago,IL 60614>773-360-2053
-87.74588,41.759396,Costco (Gas) - 7300 S Cicero Ave; Chicago,IL 60629>708-552-9010
-87.780429,42.014815,Costco (Gas) - 7311 N Melvina Ave; I-94 Exit 39; Niles,IL 60714>847-972-3003
-88.961317,42.320282,Costco (Gas) - 5000 Stadium Dr; Love's Park,IL 61111>779-513-8397
-89.583497,40.672382,Costco (Gas) - 301 W Washington; East Peoria,IL 61611>309-427-2930
-88.244561,40.143024,Costco (Gas) - 2002 N Neil St; Champaign,IL 61820>217-600-6546
-86.364173,39.765507,Costco (Gas) - 8816 Dr Charles Nelson Dr; Avon,IN 46123>317-286-4642
-86.088636,39.637539,Costco (Gas/Diesel) - 4628 E County Line Rd; I-65 Exit 101; Indianapolis,IN 46237>317-360-7076
-86.061667,39.913664,Costco (Gas) - 6110 East 86th; I-405 Exit 35; Indianapolis,IN 46250>317-558-1453
-86.226581,39.91752,Costco (Gas/Diesel) - 9010 Michigan Rd; I-465 Exit 27; Indianapolis,IN 46268>317-532-1608
-87.321868,41.473844,Costco (Gas) - 1310 E 79th Ave; I-65 Exit 263; Merrillville,IN 46410>219-641-6403
-86.171755,41.71954,Costco (Gas) - 625 E University Dr; Granger,IN 46530>574-401-7004
-85.159063,41.12631,Costco (Gas) - 5110 Value Dr; I-69 Exit 311; Fort Wayne,IN 46808>260-481-1100
-87.467091,37.991522,Costco (Gas) - 1201 Cross Pointe Pl; Evansville,IN 47715>812-909-6580
-94.670834,38.907288,Costco (Gas) - 12221 Blue Valley Pkwy; Overland Park,KS 66213>913-217-2053
-94.733509,38.958856,Costco (Gas) - 9350 Marshall Dr; I-35 Exit 224; Lenexa,KS 66215>913-227-3703
-97.22403,37.679637,Costco (Gas/Diesel) - 9700 E Kellog; I-35 Exit 50; Wichita,KS 67207>316-226-7142
-85.666174,38.204505,Costco (Gas/Diesel) - 3408 Bardstown Rd; I-264 Exit 16; Louisville,KY 40218>502-912-9877
-85.573143,38.316334,Costco (Gas) - 5020 Norton Healthcare Blvd; I-265 Exit 34; Louisville,KY 40241>502-420-0170
-84.410291,38.024108,Costco (Gas) - 1500 Fitzgerald Ct; Lexington,KY 40509>859-245-3620
-84.649777,38.987565,Costco (Gas/Diesel) - 800 Heights Blvd; Florence,KY 41042>859-568-7000
-90.111344,29.968244,Costco (Gas) - 3900 Dublin St; I-10 Exit 232; New Orleans,LA 70118>504-484-5220
-92.043569,30.156278,Costco (Gas/Diesel) - 201 Meadow Farm Rd; Lafayette,LA 70508>337-541-7025
-91.07352,30.420017,Costco (Gas) - 10000 Dawndale Ave; Baton Rouge,LA 70809>225-295-4600
-72.620777,42.1317,Costco (Gas) - 119 Daggett Dr; I-91 Exit 13; West Springfield,MA 01089>413-747-5518
-70.977402,42.556955,Costco (Gas) - 11 Newbury St; I-95 Exit 47; Danvers,MA 01923>978-750-1000
-71.173641,42.231906,Costco (Gas) - 200 Legacy Blvd; Dedham,MA 02026>781-251-9975
-71.071382,42.396798,Costco - 2 Mystic View Rd; Everett,MA 02149>617-544-4806
-71.066117,42.137382,Costco - 120 Stockwell Dr; MA-24 Exit 19; Avon,MA 02322>508-232-4000
-71.265283,42.394577,Costco - 71 2nd Ave; I-95 Exit 27; Waltham,MA 02451>781-622-3883
-97.052697,49.896763,Costco (Gas) - 1499 Regent Ave; Winnipeg,MB R2C 4M4>204-989-9997
-97.198652,49.904268,Costco - 1315 Saint James St; Winnipeg,MB R3H 0K9>204-788-4754
-97.20549,49.82027,Costco (Gas) - 2365 McGillivray Blvd; Winnipeg,MB R3Y 0A1>204-487-5100
-76.872485,38.670319,Costco (Gas) - 16006 Crain Hwy; Brandywine,MD 20613>301-372-3200
-76.908267,39.032484,Costco (Gas) - 10925 Baltimore Ave; Beltsville,MD 20705>301-902-2643
-76.851797,38.923783,Costco (Gas) - 2400 Five Lees Ln; Glenarden,MD 20706>301-341-6740
-77.214491,39.155967,Costco - 880 Russell Ave; Gaithersburg,MD 20879>301-417-1503
-77.054972,39.036784,Costco - 11160 Veirs Mill Rd; Wheaton,MD 20902>301-942-3200
-76.60042,39.196361,Costco (Gas) - 575 E Ordnance Rd; Glen Burnie,MD 21060>410-590-8603
-76.793645,39.186369,Costco (Gas) - 6675 Marie Curie Dr; Elkridge,MD 21075>410-423-4052
-76.730744,39.15582,Costco (Gas) - 7077 Arundel Mills Cir; Hanover,MD 21076>410-379-3103
-76.787027,39.404556,Costco (Gas) - 10270 Mill Run Circle; I-795 Exit 4; Owings Mills,MD 21117>443-501-7043
-76.444935,39.357858,Costco (Gas) - 9919 Pulaski Hwy; Baltimore,MD 21220>410-574-7563
-77.407533,39.401683,Costco (Gas) - 10 Monocacy Blvd; Frederick,MD 21704>301-644-1483
-82.934858,42.49594,Costco (Gas/Diesel) - 27118 Gratiot Ave 27118 Gratiot Ave; Roseville,MI 48066>586-447-0191
-83.11766,42.515578,Costco (Gas) - 30550 Stephenson Hwy; Madison Heights,MI 48071>248-616-0048
-83.743887,42.230682,Costco (Gas) - 771 Airport Blvd; Ann Arbor,MI 48108>734-213-8010
-83.761964,42.503781,Costco (Gas) - 6700 Whitmore Lake Rd; Brighton,MI 48116>810-220-8950
-83.331396,42.381533,Costco (Gas) - 13700 Middlebelt Rd; I-96 Exit 176; Livonia,MI 48150>734-427-0563
-83.429629,42.432843,Costco (Gas) - 20000 Haggerty Rd; Livonia,MI 48152>734-464-6399
-83.29271,42.607025,Costco (Gas) - 2343 S Telegraph Rd; Bloomfield,MI 48302>248-836-1601
-82.979754,42.630157,Costco (Gas) - 45460 Market St; Shelby Township,MI 48315>586-580-2003
-83.295923,42.70663,Costco (Gas) - 400 Brown Rd; I-75 Exit 84; Auburn Hills,MI 48326>248-648-0003
-83.502956,42.598149,Costco (Gas) - 3000 Commerce Crossing; Commerce Township,MI 48390>248-529-2300
-84.168385,43.603759,Costco (Gas) - 4816 Bay City Rd; MI-10 Exit 129; Midland,MI 48642>989-488-1553
-84.442275,42.752712,Costco (Gas) - 2540 E Saginaw Hwy; East Lansing,MI 48823>517-903-5000
-85.646834,42.27182,Costco (Gas) - 5100 Century Ave; I-94 Exit 36; Kalamazoo,MI 49006>269-743-2298
-85.764064,42.8766,Costco (Gas) - 4901 Wilson Ave SW; Wyoming,MI 49418>616-406-2651
-85.542822,42.910571,Costco (Gas) - 5100 28th St SE; I-96 Exit 43; Grand Rapids,MI 49512>616-233-4401
-85.572433,44.733226,Costco (Gas/Diesel) - 125 E S Airport Rd; Traverse City,MI 49686>231-252-7000
-93.039783,45.029315,Costco (Gas) - 1431 Beam Ave; Maplewood,MN 55109>612-486-1738
-93.440379,44.859275,Costco (Gas) - 995 Blue Gentian Rd; Eagan,MN 55121>612-439-8060
-92.9629,44.93877,Costco (Gas) - 7070 Tamarack Rd; I-494 Exit 58C; Woodbury,MN 55125>612-540-5458
-93.293897,44.749076,Costco (Gas) - 14050 Burnhaven Dr; Burnsville,MN 55337>952-229-6449
-93.435923,44.860296,Costco (Gas) - 12011 Technology Dr; Eden Prairie,MN 55344>952-943-4801
-93.4238,45.092965,Costco (Gas) - 11330 Fountains Dr N; Maple Grove,MN 55369>763-494-8052
-93.216852,45.000746,Costco - 3311 NE Broadway St; Minneapolis,MN 55413>651-502-7600
-93.354053,44.966922,Costco (Gas) - 5801 16th Street West; St Louis Park,MN 55416>763-582-9603
-93.347894,45.198777,Costco (Gas) - 12547 Riverdale Blvd; Minneapolis,MN 55433>763-712-7763
-92.173971,46.822032,Costco (Gas) - 4611 W Arrowhead Rd; Duluth,MN 55811>218-600-5978
-92.520854,44.052096,Costco (Gas) - 2020 Commerce Dr NW; Rochester,MN 55901>507-286-1860
-94.198622,45.547779,Costco (Gas) - 3636 2nd St S; Saint Cloud,MN 56301>320-316-9865
-94.247851,46.348716,Costco (Gas) - 13650 Elder Dr; Baxter,MN 56425>218-855-5740
-90.507433,38.597675,Costco (Gas) - 301 Highlands Blvd Dr; Manchester,MO 63011>636-686-7400
-90.338503,38.508146,Costco (Gas) - 4200 Rusty Rd; Saint Louis,MO 63128>314-894-7953
-90.606963,38.796124,Costco (Gas) - 200 Costco Way; Saint Peters,MO 63376>636-970-4004
-94.357184,39.036357,Costco (Gas) - 19040 E Valley View Pkwy; Independence,MO 64055>816-200-2003
-94.581047,39.067173,Costco (Gas) - 241 E Linwood Blvd; Kansas City,MO 64111>816-216-0003
-94.585823,39.25386,Costco (Gas/Diesel) - 1600 NW 88th St; Kansas City,MO 64155>816-857-7086
-93.222462,37.207615,Costco (Gas) - 279 N Eastgate Ave; Springfield,MO 65802>417-512-8939
-90.148056,32.422576,Costco (Gas) - 700 Highland Colony Pkwy; I-55 Exit 105; Ridgeland,MS 39157>601-499-8581
-108.572908,45.75336,Costco (Gas/Diesel) - 2290 King Ave W; Billings,MT 59102>406-652-8765
-112.002503,46.615453,Costco (Gas) - 2195 E Custer Ave; Helena,MT 59602>406-495-7050
-111.070653,45.71334,Costco (Gas) - 2505 Catron St; I-90 Exit 305; Bozeman,MT 59718>406-585-0383
-114.037797,46.894404,Costco (Gas) - 3220 N Reserve St; Missoula,MT 59808>406-543-6445
-114.332419,48.234601,Costco (Gas) - 2330 MT-93 N; Kalispell,MT 59901>406-758-2500
-64.780004,46.129784,Costco (Gas) - 140 Granite Dr; Trans-Canadan Exit 459; Moncton,NB E1H 0K6>506-317-0423
-66.02678,45.3049,Costco - 300 Retail Dr; Saint John,NB E2J 2R2>506-635-5300
-66.661928,45.928946,Costco (Gas) - 25 Wayne Squibb Blvd; Fredericton,NB E3C 0G8>506-460-4100
-80.317767,36.064301,Costco (Gas) - 1085 Hanes Mall Blvd; Winston Salem,NC 27103>336-970-2303
-79.883605,36.057402,Costco (Gas) - 4201 W Wendover Ave; Greensboro,NC 27407>336-291-4013
-78.826229,35.746995,Costco (Gas) - 1021 Pine Plaza Dr; Apex,NC 27523>919-331-6027
-78.697614,35.667889,Costco (Gas) - 7800 Fayetteville Rd; Raleigh,NC 27603>984-810-5030
-78.621729,35.818085,Costco (Gas) - 2838 Wake Forest Rd; Raleigh,NC 27609>919-755-2801
-78.913853,36.029147,Costco (Gas) - 1510 N Pointe Dr; Durham,NC 27705>919-220-2740
-80.704646,35.129532,Costco (Gas) - 2125 Matthews Township Pkwy; Matthews,NC 28105>704-321-7443
-80.851862,35.583045,Costco (Gas) - 392 Talbert Rd; I-77 Exit 35; Mooresville,NC 28117>980-447-9757
-80.88466,35.161372,Costco (Gas) - 500 Tyvola Rd; I-77 Exit 5; Charlotte,NC 28217>704-501-2403
-77.872737,34.248883,Costco (Gas) - 5351 Gingerwood Dr; Wilmington,NC 28405>910-798-3252
-96.887814,46.844475,Costco (Gas/Diesel) - 750 23rd Ave E; I-94 Exit 347; West Fargo,ND 58078>701-281-2220
-100.770706,46.865629,Costco (Gas) - 1325 57th Ave NE; Bismarck,ND 58503>425-313-8100
-96.110247,41.177821,Costco (Gas/Diesel) - 12515 Portside Pkwy; La Vista,NE 68128>402-378=5622
-96.105066,41.265701,Costco (Gas) - 12300 W Dodge Rd; Omaha,NE 68154>402-952-3240
-96.698022,40.739443,Costco (Gas/Diesel) - 1620 Pine Lake Rd; Lincoln,NE 68512>531-333-7559
-71.442905,42.702372,Costco - 311 Daniel Webster Hwy; Nashua,NH 03060>603-888-3640
-74.1011,40.672784,Costco (Gas) - 21 Goldsborough Dr; Bayonne,NJ 07002>201-354-2335
-74.136482,40.831654,Costco (Gas) - 20 Bridewell Pl; Clifton,NJ 07014>973-779-8715
-74.459421,40.611687,Costco (Gas) - 1290 NJ-22E; North Plainfield,NJ 07060>908-546-5666
-74.287644,40.694159,Costco (Gas) - 1055 Hudson St; Union,NJ 07083>908-810-1458
-74.254896,40.889996,Costco (Gas) - 149 NJ-23; Wayne,NJ 07470>973-339-4006
-74.038177,40.876316,Costco - 80 S River St; Hackensack,NJ 07601>201-296-3044
-74.056778,40.857684,Costco (Gas/Diesel) - 2 Teterboro Landing Dr; Teterboro,NJ 07608>201-596-7001
-74.045395,40.233946,Costco (Gas) - 2361 NJ-66; Ocean,NJ 07712>732-481-0023
-74.170514,40.41941,Costco - 2835 NJ-35 N; Hazlet,NJ 07730>732-335-3800
-74.303647,40.360838,Costco (Gas) - 18 NJ-9 N; Morganville,NJ 07751>732-617-4340
-74.568627,40.906921,Costco (Gas) - 315 NJ-15; I-80 Exit 34; Wharton,NJ 07885>973-659-2000
-74.379378,40.812408,Costco - 156 NJ-10 W; East Hanover,NJ 07936>973-602-2000
-75.041046,39.925951,Costco (Gas) - 650 Garden Park Blvd; Cherry Hill,NJ 08002>856-406-7430
-74.287694,39.706722,Costco (Gas) - 245 Stafford Park Blvd; Stafford Twp,NJ 08050>609-242-2011
-74.907553,39.971767,Costco (Gas) - 100 Centerton Rd; Mount Laurel,NJ 08054>856-359-3650
-74.674519,40.262538,Costco (Gas) - 4100 Quakerbridge Rd; Lawrence Twp,NJ 08648>425-313-8100
-74.157622,40.05429,Costco (Gas) - 465 NJ-70; Brick,NJ 08723>732-262-6300
-74.558367,40.563248,Costco - 325 Promenade Blvd; Bridgewater,NJ 08807>732-584-1003
-74.375611,40.530416,Costco (Gas) - 205 Vineyard Rd; I-287 Exit 2; Edison,NJ 08817>732-491-2023
-74.859711,40.517479,Costco (Gas) - 2A Walter E Foran Blvd N; Flemington,NJ 08822>908-905-7210
-74.507287,40.436528,Costco (Gas) - 100 Grand Ave; North Brunswick,NJ 08902>732-509-3905
-52.834461,47.507389,Costco (Gas) - 75 Danny Dr; Saint John's,NL A1H 1A3>709-701-8929
-106.613754,35.13664,Costco (Gas) - 1420 Renaissance Blvd NE; Albuquerque,NM 87107>505-342-7160
-106.662063,35.195646,Costco (Gas) - 9955 Coors Blvd Bypass NW; Albuquerque,NM 87114>505-922-7400
-106.52992,35.068429,Costco (Gas) - 500 Eubank Blvd SE; Albuquerque,NM 87123>505-332-6603
-63.566487,44.70445,Costco - 137 Countryview Dr; Dartmouth,NS B3B 0E7>902-481-7637
-63.676136,44.656146,Costco - 230 Chain Lake Dr; Halifax,NS B3S 1C5>902-876-7788
-115.037582,36.069821,Costco (Gas) - 791 Marks St; Henderson,NV 89014>702-352-2010
-115.134817,35.983519,Costco (Gas) - 3411 Saint Rose Pkwy; Henderson,NV 89052>702-803-7044
-115.162748,36.17158,Costco (Gas) - 222 S Martin Luther King Blvd; Las Vegas,NV 89106>702-384-6247
-115.209434,36.278941,Costco (Gas) - 6555 N Decatur Blvd; Las Vegas,NV 89131>702-415-2300
-115.332961,36.163236,Costco (Gas) - 801 S Pavilion Center Dr; Las Vegas,NV 89144>702-352-2053
-119.738431,39.579072,Costco (Gas/Diesel) - 4810 Galleria Pkwy; Sparks,NV 89436>775-356-4400
-119.78509,39.503098,Costco (Gas) - 2200 Harvard Way; Reno,NV 89502>775-689-2200
-119.776409,39.116662,Costco (Gas) - 700 Old Clear Creek Rd; Carson City,NV 89705>775-881-2503
-73.93146,40.795715,Costco - 517 E 117th St; New York,NY 10035>212-896-5882
-74.168663,40.57268,Costco (Gas) - 2975 Richmond Ave; Staten Island,NY 10314>718-982-9525
-73.661786,40.999368,Costco - 1 Westchester Ave; Port Chester,NY 10573>914-935-3103
-73.86129,40.974962,Costco - 20 Stew Leonard Dr; Yonkers,NY 10710>914-595-1003
-73.794504,40.896147,Costco (Gas) - 1 Industrial Ln; New Rochelle,NY 10805>914-235-2233
-74.025274,41.107253,Costco (Gas) - 50 Overlook Blvd; Nanuet,NY 10954>845-425-1469
-73.937681,40.767463,Costco - 3250 Vernon Blvd; Long Island City,NY 11106>718-267-3680
-74.009074,40.655481,Costco - 976 3rd Ave; Brooklyn,NY 11232>718-965-7603
-73.863572,40.73333,Costco - 6135 Junction Blvd; Rego Park,NY 11374>718-760-6470
-73.740239,40.63037,Costco - 605 Rockaway Tpke; Lawrence,NY 11559>516-371-2017
-73.652807,40.620227,Costco (Gas) - 3705 Hampton Rd; Oceanside,NY 11572>516-259-7002
-73.598376,40.744072,Costco - 1250 Old Country Rd; Westbury,NY 11590>516-683-8300
-73.285819,40.807046,Costco - 10 Garret Pl; Commack,NY 11725>631-462-3900
-73.050837,40.773087,Costco (Gas) - 125 Beacon Dr; Holbrook,NY 11741>631-244-0292
-73.420451,40.757585,Costco - 625 Broadhollow Rd; Melville,NY 11747>631-293-8707
-73.130006,40.859348,Costco - 3000 Middle Country Rd; Nesconset,NY 11767>631-366-1504
-72.706843,40.925794,Costco (Gas) - 1768 Old Country Rd; Riverhead,NY 11901>631-655-0110
-76.270593,43.056499,Costco (Gas) - 120 Township Blvd; Camillus,NY 13031>315-883-2361
-77.613867,43.114497,Costco (Gas/Diesel) - 335 Westfall Rd; I-590 Exit 16; Rochester,NY 14620>585-471-6906
-83.189424,40.108634,Costco (Gas/Diesel) - 7300 OH-161 E; Plain City,OH 43064>614-733-5002
-82.904961,40.05336,Costco (Gas) - 3888 Stelzer Rd; I-270 Exit 33; Columbus,OH 43219>614-934-6211
-82.977433,40.150981,Costco (Gas) - 1500 Gemini Pl; Columbus,OH 43240>614-987-1900
-83.634441,41.543933,Costco (Gas/Diesel) - 26400 Dixie Hwy; I-475 Exit 2; Perrysburg,OH 43551>567-368-6000
-83.626029,41.675652,Costco (Gas/Diesel) - 3405 W Central Ave; Toledo,OH 43606>419-381-5000
-82.011715,41.459832,Costco (Gas) - 35804 Detroit Rd; Avon,OH 44011>440-930-0103
-81.446493,41.524267,Costco (Gas) - 1409 Golden Gate Blvd; I-271 Exit 34; Cleveland,OH 44124>440-544-1350
-81.815714,41.317393,Costco (Gas) - 16690 Royalton Rd; I-71 Exit 231; Strongsville,OH 44136>440-783-3415
-81.506706,41.263626,Costco (Gas/Diesel) - 6720 Bass Pro Dr; I-80 Exit 180; Boston Heights,OH 44236>330-341-7008
-84.451021,39.288172,Costco (Gas) - 1100 E Kemper Rd; Springdale,OH 45246>513-346-7943
-84.302928,39.295921,Costco (Gas) - 9691 Waterstone Blvd; Cincinnati,OH 45249>513-774-0024
-84.107013,39.662368,Costco (Gas) - 5300 Cornerstone North Blvd; I-675 Exit 7; Centerville,OH 45440>937-640-6000
-97.531028,35.605063,Costco (Gas) - 13200 N Western Ave; Oklahoma City,OK 73114>405-832-5110
-97.4945,35.307836,Costco (Gas) - 2651 S Telephone Rd; Moore,OK 73160>405-300-7669
-95.887447,36.014915,Costco (Gas/Diesel) - 10220 S Memorial Dr; Tulsa,OK 74133>918-498-7001
-75.602291,45.414705,Costco - 1900 Cyrville Rd; Gloucester,ON K1B 1A5>343-771-2100
-75.603455,45.434941,Costco (Gas) - 1405 Blair Towers Pl; Gloucester,ON K1J 1A5>613-691-7607
-75.72593,45.33812,Costco (Gas) - 1849 Merivale Road; Nepean,ON K2G 1E3>613-727-4786
-75.780785,45.269711,Costco (Gas) - 4315 Strandherd Dr; Nepean,ON K2J 6E5>613-714-0913
-75.911847,45.302573,Costco - 770 Silver Seven Rd; Kanata,ON K2V 1A5>613-270-5550
-76.56001,44.26071,Costco - 1015 Centennial Dr; Kingston,ON K7P 3B7>613-549-2527
-78.34119,44.27191,Costco (Gas) - 485 The Parkway; Peterborough,ON K9J 0B3>705-750-2600
-78.856003,43.903757,Costco (Gas) - 130 Ritson Rd North; Oshawa,ON L1G 1Z7>905-404-4050
-78.89969044,43.96523673,Costco - 100 Windfields Farm Dr E; Oshawa,ON L1H 7K4>289-316-4489
-79.019814,43.864416,Costco (Gas) - 150 Kingston Road E; Ajax,ON L1Z 1E5>905-619-6677
-79.128693,43.06955,Costco (Gas) - 7500 Pin Oak Dr; Niagara Falls,ON L2H 2E9>385-447-0200
-79.247659,43.177578,Costco - 3 N Service Rd; Saint Catharines,ON L2N 7R1>289-434-6011
-79.2527,43.85166,Costco - 65 Kirkham Dr; Markham,ON L3S 0A9>905-201-3500
-79.457159,44.59602,Costco (Gas) - 625 University Ave; ON-11 Exit 131; Orillia,ON L3V 0Y7>705-418-1706
-79.639189,43.769937,Costco (Gas) - 55 New Huntington Rd; Vaughan,ON L4L 0S8>289-459-0921
-79.542378,43.786207,Costco (Gas) - 71 Colossus Dr; Woodbridge,ON L4L 9J8>905-264-8337
-79.681349,44.334669,Costco (Gas) - 41 MapleView Drive East; Barrie,ON L4N 9A9>905-780-2100
-79.392051,43.901816,Costco - 35 John Birchall Rd; Richmond Hill,ON L4S 0B2>905-780-2100
-79.579596,43.612299,Costco (Gas) - 1570 Dundas Ste; Mississauga,ON L4X 1L4>905-566-2400
-79.687711,43.521232,Costco - 3180 Laird Road; Mississauga,ON L5L 5P8>905-828-3340
-79.68947,43.6115,Costco (Gas) - 5900 Rodeo Dr; Mississauga,ON L5R 3S9>905-568-4828
-79.35454,43.84586,Costco - 1 YorkTech Drive; Markham,ON L6G 1A6>905-477-5718
-79.71337,43.68106,Costco - 100 Biscayne Crescent; Brampton,ON L6W 4S1>905-450-9300
-79.822385,43.343751,Costco - 1225 Brant St; Burlington,ON L7P 1X7>905-336-9121
-79.643225,43.216816,Costco (Gas) - 1330 S Service Rd; QEW Exit 78; Stoney Creek,ON L8E 5C5>289-335-4820
-79.94806,43.22876,Costco (Gas) - 100 Legend Court; Ancaster,ON L9K 1J3>905-304-0355
-79.48406,44.06988,Costco (Gas) - 18182 Yonge St; East Gwillimbury,ON L9N 0J3>905-954-4733
-79.281427,43.730345,Costco - 50 Thermos Rd; Scarborough,ON M1L 0E6>647-484-5844
-79.296688,43.759022,Costco (Gas) - 1411 Warden Ave; Scarborough,ON M1R 2S3>416-288-0033
-79.454842,43.730577,Costco - 100 Billy Bishop Way; North York,ON M3K 2C8>416-635-8175
-79.347164,43.707581,Costco - 42 Overlea Blvd; Toronto,ON M4H 1B6>647-265-9377
-79.507102,43.623238,Costco (Gas) - 50 Queen Elizabeth Blvd; Etobicoke,ON M8Z 1M1>416-251-2832
-80.294832,43.52272,Costco (Gas) - 19 Elmira Rd S; Guelph,ON N1K 0B6>519-780-5700
-80.582161,43.444302,Costco (Gas) - 930 Erb St W; Waterloo,ON N2J 3Z4>226-215-1150
-80.39276,43.40661,Costco - 4438 King Ste; Kitchener,ON N2P 2G4>519-650-2220
-81.21316,42.91583821,"Costco (Gas/Diesel) - 3140 Dingman Dr, ON-401E Exit 186; London",ON N6E 3W8>519-680-1027
-81.293356,42.987548,Costco (Gas) - 693 Wonderland Rd N; London,ON N6H 4L1>519-474-5300
-82.965596,42.254776,Costco (Gas) - 4411 Walker Rd; Windsor,ON N8W 3T6>519-972-1899
-80.945672,46.504101,Costco - 1465 Kingsway; Sudbury,ON P3A 6B3>705-524-8255
-122.842331,45.508693,Costco (Gas) - 15901 SW Jenkins; Aloha,OR 97006>503-644-7615
-122.575767,45.42878,Costco (Gas) - 13130 SE 84th Ave; Clackamas,OR 97015>503-794-5500
-122.763322,45.332652,Costco (Gas) - 25900 SW Heather Pl; I-5 Exit 286; Wilsonville,OR 97070>503-825-4003
-122.935438,45.536192,Costco (Gas) - 1255 NE 48th Ave; Hillsboro,OR 97124>503-681-2800
-123.913903,46.146914,Costco (Gas) - 1804 SE Ensign La; Warrenton,OR 97146>503-338-4101
-122.758125,45.434842,Costco (Gas/Diesel) - 7850 SW Dartmouth Ave; Tigard,OR 97223>503-639-0811
-122.524464,45.55945,Costco (Gas/Diesel) - 4849 NE 138th Ave; Portland,OR 97230>503-258-3700
-123.005263,44.884433,Costco (Gas) - 4885 27th Ave SE; I-5 Exit 99; Salem,OR 97306>503-371-1729
-123.065067,44.63864,Costco (Gas) - 3130 Killdeer Ave SE; Albany,OR 97321>541-918-7040
-123.064578,44.089282,Costco (Gas) - 2828 Chad Dr; Eugene,OR 97408>541-683-8126
-123.349807,43.259358,Costco (Gas) - 4141 NE Stephens; Roseburg,OR 97470>541-378-0020
-122.888314,42.374415,Costco (Gas/Diesel) - 3075 Hamrick Rd; Central Point,OR 97502>541-630-7004
-121.267616,44.057267,Costco - 2500 NE OR-20; Bend,OR 97701>541-383-2299
-79.921744,40.402736,Costco (Gas) - 501 Waterfront Dr W; Homestead,PA 15120>412-205-1002
-80.165628,40.459596,Costco (Gas) - 202 Costco Dr; Pittsburgh,PA 15205>412-490-2204
-80.107728,40.690676,Costco (Gas) - 1050 Cranberry Square Dr; Cranberry Township,PA 16066>724-778-6303
-76.79958,40.30982,Costco (Gas) - 5125 Jonestown Rd; Harrisburg,PA 17112>717-412-2053
-76.256277,40.05324,Costco (Gas) - 1875 Hempstead Rd; Lancaster,PA 17601>717-396-8460
-75.56749,40.565781,Costco (Gas) - 791 N Krocks Rd; Allentown,PA 18106>484-273-7056
-75.080092,40.196711,Costco (Gas) - 100 Veterans Way; Warminster,PA 18974>213-347-1950
-75.531831,39.889768,Costco (Gas) - 700 Evergreen Dr; Glen Mills,PA 19342>610-387-2205
-75.386453,40.091197,Costco - 201 Allendale Rd; King of Prussia,PA 19406>610-337-6601
-75.23421,40.237198,Costco - 740 Upper State Rd; North Wales,PA 19454>215-353-4153
-75.574669,40.238706,Costco (Gas) - 14 W Lightcap Rd; Pottstown,PA 19464>610-569-4137
-71.328167,46.780983,Costco (Gas) - 3233 Rue Watt; Quebec,QC G1X 4W2>418-656-0666
-71.268514,46.839492,Costco (Gas) - 440 Rue Bouvier; Quebec,QC G2J 1E3>418-627-5100
-71.270739,46.727114,Costco (Gas) - 1160 Rue de la Concorde; Levis,QC G6W 0M4>418-834-7100
-71.084096,48.382756,Costco - 2500 Boul Talbot RR4; Chicoutimi,QC G7H 5B1>418-696-1112
-72.57094,46.33083,Costco (Gas) - 3000 Boul Des Rcollets; Trois-Rivieres-Quest,QC G9A 6J2>819-693-5758
-73.557675,45.623308,Costco (Gas) - 9401 Sciences; Anjou,QC H1J 0A6>514-493-4814
-73.586029,45.60905068,Costco - 7373 Rue Bombardier; Anjou,QC H1J 2V2>438-858-5451
-73.552587,45.486109,Costco (Gas) - 300 Rue Bridge; Montreal,QC H3K 2C3>514-938-5170
-73.660251,45.535566,Costco - 1015 rue du March Central; Montreal,QC H4N 3J4>514-381-1251
-73.757164,45.573302,Costco (Gas) - 2999 Autoroute Laval (440 Ouest); Laval,QC H7P 5P4>450-686-7420
-73.81791,45.47097,Costco - 5701 Aut Transcanadienne; Pointe-Claire,QC H9R 1B7>514-426-5052
-71.958772,45.4240908,Costco (Gas) - 3800 Boul De Monseigneur-Fortier; Sherbrooke,QC J1L 0J6>873-500-5544
-72.509422,45.909505,Costco (Gas) - 105 Rue Robert-Bernard; Drummondville,QC J2C 8N1>819-473-7575
-73.384357,45.503638,Costco (Gas/Diesel) - 1000 Boul Saint-Bruno; Saint-Bruno,QC J3V 6P4>379-314-0046
-73.432235,45.505187,Costco - 5025 Boul Cousineau; Saint-Hubert,QC J3Y 3K7>438-469-5703
-73.40544,45.57533,Costco (Gas) - 635 Chemin de Touraine; Boucherville,QC J4B 5E4>450-645-2632
-73.479073,45.434095,Costco (Gas) - 9430 boul Taschereau; Brossard,QC J4X 2W2>450-444-4466
-73.516721,45.37101,Costco (Gas) - 60 rue Strasbourg; Candiac,QC J5R 0B4>450-444-3453
-73.506432,45.721102,Costco (Gas) - 870 monte des Pionniers; Terrebonne,QC J6V 1N9>450-657-4353
-73.850055,45.631536,Costco - 3600 Ave Des Grandes Tourelles; Boisbriand,QC J7H 0A1>450-420-4500
-74.038984,45.414795,Costco (Gas/Diesel) - 22400 Chemin Dumberry; Vaudreuil-Dorion,QC J7V 0M8>450-510-8945
-74.01786,45.76488,Costco (Gas) - 1001 boul Jean-Baptiste-Rolland; Saint-Jerome,QC J7Z 5T6>450-476-9000
-75.70072,45.4752,Costco - 1100 Boul Maloney Ouest; Gatineau,QC J8T 6G3>819-246-4005
-81.139144,34.070559,Costco (Gas) - 507 Piney Grove Rd; I-26 Exit 104; Columbia,SC 29210>803-875-7130
-81.997836,34.940014,Costco (Gas) - 211 W Blackstock Rd; Spartanburg,SC 29301>864-515-4940
-80.035888,32.795575,Costco (Gas) - 3050 Ashley Town Center; Charleston,SC 29414>843-460-2000
-79.771148,32.885616,Costco (Gas) - 3525 Park Ave Blvd; Mt Pleasant,SC 29466>843-375-7029
-78.915906,33.705698,Costco (Gas) - 1021 Oak Forest Ln; Myrtle Beach,SC 29577>843-839-6604
-82.313073,34.836061,Costco (Gas) - 1021 Woodruff Rd; I-385 Exit 37; Greenville,SC 29607>864-297-2560
-96.739254,43.512658,Costco (Gas) - 3700 S Grange Ave; I-229 Exit 3; Sioux Falls,SD 57105>605-988-9140
-104.509417,50.442856,Costco (Gas) - 2110 Anaquod Rd; Regina,SK S4V 3T7>306-271-0912
-106.674891,52.19415,Costco (Gas) - 115 Marquis Drive; Saskatoon,SK S7R 1C7>306-933-4262
-106.530491,52.090901,Costco (Gas) - 225 Market Dr; Saskatoon,SK S7V 0L2>306-700-2883
-86.817406,35.963432,Costco (Gas) - 98 Seaboard Ln; Brentwood,TN 37027>615-493-1003
-86.416816,35.826153,Costco (Gas) - 1524 Beasie Rd; I-24 Exit 80; Murfreesboro,TN 37128>615-439-2639
-86.886137,36.139459,Costco (Gas) - 6670 Charlotte Pke; Nashville,TN 37209>615-354-5100
-84.14115,35.896308,Costco (Gas) - 10745 Kingston Pke; Knoxville,TN 37934>865-218-7700
-89.795532,35.192031,Costco (Gas) - 2431 N Germantown Pkwy; I-40 Exit 16; Cordova,TN 38016>901-214-0003
-89.797364,35.046016,Costco (Gas) - 3775 Hacks Cross Rd; Memphis,TN 38125>901-214-0054
-96.445721,32.908196,Costco (Gas) - 1225 TX-276; Rockwall,TX 75032>972-772-1600
-96.837102,33.171763,Costco (Gas) - 11220 Dallas Pkwy; Frisco,TX 75033>469-200-7107
-96.963593,32.99835,Costco (Gas) - 851 TX-121; I-35E Exit 447/448; Lewisville,TX 75067>469-948-1026
-96.657141,33.218108,Costco (Gas) - 3650 W University Dr; McKinney,TX 75071>469-347-6421
-96.699569,33.044542,Costco (Gas) - 3800 N Central Expy; Plano,TX 75074>972-244-0003
-96.831029,33.024348,Costco (Gas) - 1701 Dallas Pkwy; Plano,TX 75093>972-246-2203
-96.90954,32.621583,Costco (Gas) - 250 W TX-67; Duncanville,TX 75137>469-221-8113
-96.763275,32.870741,Costco - 8282 Park Ln; Dallas,TX 75231>469-498-6623
-96.7681881,32.919125,Costco (Gas) - 8055 Churchill Way; Dallas,TX 75251>469-680-7546
-97.114497,32.684115,Costco (Gas) - 600 W Arbrook Blvd; Arlington,TX 76014>817-417-1603
-97.112156,32.941412,Costco (Gas) - 2601 E TX-114; Southlake,TX 76092>817-749-2803
-97.32013,32.901671,Costco (Gas) - 8900 Tehama Ridge Pkwy; I-35 Exit 62; Fort Worth,TX 76117>817-806-9833
-97.408432,32.677915,Costco (Gas) - 5300 Overton Ridge Blvd; Fort Worth,TX 76132>817-210-0003
-95.439146,29.73367,Costco (Gas) - 3836 Richmond Ave; Houston,TX 77027>832-325-5850
-95.52999,29.787768,Costco (Gas) - 1150 Bunker Hill Rd; Houston,TX 77055>713-576-2050
-95.548021,29.954581,Costco (Gas) - 12405 N Gessner Rd; Houston,TX 77064>832-912-2353
-95.266846,30.021269,Costco (Gas/Diesel) - 21802 Townson Blvd W; Humble,TX 77338>281-707-7051
-95.453689,30.208462,Costco (Gas/Diesel) - 8185 TX-242; I-45 Exit 78; The Woodlands,TX 77385>936-703-2295
-95.45362,30.208431,Costco (Gas) - 8185 TX-242; I-45 Exit 79; Conroe,TX 77385>936-703-2295
-95.712165,29.978174,Costco (Gas) - 26960 Hempstead Rd; Cypress,TX 77433>832-653-4584
-95.577534,29.638179,Costco - 12717 Network Dr; Stafford,TX 77477>346-309-3871#1487
-95.643425,29.585354,Costco (Gas) - 17520 SW Freeway; Sugar Land,TX 77479>281-566-6720
-95.78152,29.782545,Costco (Gas) - 23645 Katy Freeway; I-10 Exit 742/743; Katy,TX 77494>281-347-9900
-95.389811,29.544538,Costco (Gas/Diesel) - 3500 Business Center Dr; Pearland,TX 77584>281-707-7001
-95.142022,29.536398,Costco (Gas) - 1310 Jasmine Ave; I-45 Exit 26; Webster,TX 77598>281-707-7750
-96.26324742,30.56662971,Costco (Gas) - 4321 Texas 6 Frontage Rd; College Station,TX 77845>979-321-6550
-98.3183,29.5758,Costco (Gas) - 15330 I-35 N; Selma,TX 78154>210-332-1072
-98.47535,29.612209,Costco - 1201 N Loop 1604 E; San Antonio,TX 78232>210-403-4703
-98.714665,29.431859,Costco - 191 W Loop 1604 S; San Antonio,TX 78245>210-868-6725
-98.597208,29.576109,Costco (Gas) - 5611 Utsa Blvd; San Antonio,TX 78249>210-200-2023
-98.202653,26.19335,Costco (Gas) - 1501 W Kelly Ave; Pharr,TX 78577>956-354-3900
-97.819136,30.527321,Costco (Gas) - 4601 183A Toll Rd; Cedar Park,TX 78613>512-690-9059
-97.85067442,30.03168438,"Costco (Gas/Diesel) - 9086 S I-35 Frontage Rd, I-35 Exit 215; Kyle",TX 78640>512-400-2311
-97.595701,30.474064,Costco (Gas) - 1901 Kelly La; Pflugerville,TX 78660>737-888-6037
-97.842625,30.219083,Costco - 4301 W William Cannon Dr; Austin,TX 78749>512-382-3011
-97.743685,30.396721,Costco (Gas) - 10401 Research Blvd; Austin,TX 78759>512-634-2250
-101.94746,33.564607,Costco (Gas/Diesel) - 6020 34th St; Lubbock,TX 79407>806-785-1450
-106.409464,31.78226,Costco (Gas) - 6101 Gateway Blvd W; I-10 Exit 23; El Paso,TX 79925>915-774-5203
-111.895108,40.889379,Costco (Gas) - 573 W 100 N; West Bountiful,UT 84010>801-299-3940
-111.82328,40.389995,Costco (Gas) - 198 N 1200 E; Lehi,UT 84043>801-653-2710
-111.917287,40.379919,Costco (Gas) - 1083 N Redwood Rd; Saratoga Springs,UT 84045>801-407-4194
-111.894772,40.549778,Costco (Gas/Diesel) - 11100 S Auto Mall Dr; Sandy,UT 84070>801-790-0003
-111.975572,40.559958,Costco (Gas/Diesel) - 3571 W 10400 S; South Jordan,UT 84095>801-523-5287
-112.0026874,40.51249147,Costco (Gas) - 13126 Eagles Flight Rd; Riverton,UT 84096>385-855-7196
-111.680239,40.279923,Costco (Gas) - 648 E 800 S; Orem,UT 84097>801-851-5003
-111.889559,40.657335,Costco (Gas) - 5201 S Intermountain Dr; Murray,UT 84107>801-290-4200
-111.901243,40.73112,Costco (Gas/Diesel) - 1818 S 300 W; Salt Lake City,UT 84115>801-485-9715
-111.95353,40.690047,Costco (Gas) - 3747 S 2700 W; Salt Lake City,UT 84119>801-996-9008
-111.977648,41.19704,Costco (Gas) - 3656 Wall Ave; Ogden,UT 84405>801-317-3950
-111.649574,40.124046,Costco (Gas) - 273 E 1000 N; I-15 Exit 210; Spanish Fork,UT 84660>801-504-9530
-113.523511,37.122465,Costco (Gas/Diesel) - 835 N 3050 E; Saint George,UT 84790>435-256-0003
-77.516427,38.783925,Costco (Gas) - 10701 Sudley Manor Dr; Manassas,VA 20109>703-368-7579
-77.442867,38.894997,Costco (Gas) - 14390 Chantilly Crossing Ln; Chantilly,VA 20151>703-885-5544
-77.401668,39.023685,Costco (Gas) - 21398 Price Cascade Plz; Sterling,VA 20164>703-406-6500
-77.533198,39.115223,Costco (Gas) - 1300 Edwards Ferry Rd NE; Leesburg,VA 20176>703-669-5060
-77.371634,38.849499,Costco (Gas) - 4725 W Ox Rd; Fairfax,VA 22030>703-332-3200
-77.197242,38.739419,Costco - 7373 Boston Blvd; Springfield,VA 22153>703-912-1203
-77.295311,38.643205,Costco (Gas) - 2700 Potomac Mills Circle; Woodbridge,VA 22192>703-490-7410
-77.057125,38.860961,Costco - 1200 S Fern St; Arlington,VA 22202>703-413-2324
-77.089955,38.742555,Costco - 7940 Richmond Hwy; Alexandria,VA 22306>571-458-3500
-77.515922,38.294539,Costco (Gas) - 3102 Plank Rd; Fredericksburg,VA 22407>540-785-1163
-78.155544,39.157633,Costco (Gas) - 251 Front Royal Pike; Winchester,VA 22602>540-722-7420
-78.857356,38.427387,Costco (Gas) - 1830 Reservoir St; Harrisonburg,VA 22801>540-432-8989
-78.490575,38.065549,Costco (Gas/Diesel) - 3171 District Ave; Charlottesville,VA 22901>434-328-7023
-77.561451,37.642388,Costco (Gas) - 9650 W Broad St; Glen Allen,VA 23060>804-727-3050
-77.605102,37.514582,Costco (Gas) - 1401 Mall DR; North Chesterfield,VA 23235>804-464-9110
-76.199804,36.851921,Costco (Gas) - 850 Glenrock Rd; Norfolk,VA 23502>757-459-4471
-76.496687,37.106265,Costco (Gas) - 12121 Jefferson Ave; Newport News,VA 23602>757-746-2003
-73.174257,44.503958,Costco (Gas) - 218 Lower Mountain View Dr; I-89 Exit 16; Colchester,VT 05446>802-655-4356
-122.309595,47.286913,Costco (Gas) - 35100 Enchanted Pkwy S; I-5 Exit 142; Federal Way,WA 98003>253-874-3652
-122.052198,47.550673,Costco (Gas) - 1801 10th Ave NW; Issaquah,WA 98027>425-313-0965
-122.181657,47.680819,Costco (Gas) - 8629 120th Ave NE; I-405 Exit 18; Kirkland,WA 98033>425-827-1693
-122.309838,47.825866,Costco (Gas) - 19105 WA-99; Lynnwood,WA 98036>425-640-7700
-122.273414,47.832635,Costco (Gas/Diesel) - 18109 33rd Ave W; Lynnwood,WA 98037>425-697-1062
-122.121742,47.355307,Costco (Gas) - 27520 Covington Way SE; Covington,WA 98042>253-796-1002
-122.089622,47.677219,Costco (Gas/Diesel) - 7725 188th Ave NE; Redmond,WA 98052>425-406-5382
-122.147532,47.780167,Costco (Gas/Diesel) - 24008 Snohomish-Woodinville Rd SE; Woodinville,WA 98072>425-806-7700
-122.344862,47.775285,Costco (Gas/Diesel) - 1175 N 205th St; Shoreline,WA 98133>206-546-0480
-122.330453,47.564922,Costco (Gas) - 4401 4th Ave S; I-5 Exit 163; Seattle,WA 98134>206-674-1220
-122.24834,47.445595,Costco (Gas/Diesel) - 400 Costco Dr Ste 150; Tukwila,WA 98188>206-575-9191
-122.21017,47.903571,Costco (Gas) - 10200 19th Ave SE; Everett,WA 98208>425-379-7451
-122.514809,48.791767,Costco (Gas/Diesel) - 4125 Arctic Ave; I-5 Exit 257/258; Bellingham,WA 98226>360-671-6947
-122.33696,48.454334,Costco (Gas) - 1725 S Burlington Blvd; Burlington,WA 98233>360-757-5703
-122.191152,48.147558,Costco (Gas) - 16616 Twin Lakes Ave; I-5 Exit 206; Marysville,WA 98271>360-652-4530
-122.604393,47.357357,Costco (Gas) - 10990 Harbor Hill Dr; Gig Harbor,WA 98335>253-853-8600
-122.308696,47.156326,Costco (Gas) - 1201 39th Ave SW; Puyallup,WA 98373>253-445-7543
-123.125421,48.077069,Costco (Gas) - 955 W Washington St; Sequim,WA 98382>360-406-2023
-122.68119,47.656953,Costco (Gas/Diesel) - 10000 Mickelberry Rd NW; Silverdale,WA 98383>360-692-1140
-122.158056,47.167537,Costco (Gas/Diesel) - 9801 204th Ave E; Bonney Lake,WA 98391>253-750-8120
-122.468144,47.224718,Costco (Gas) - 2219 S 37th St; I-5 Exit 132 or 133; Tacoma,WA 98409>253-671-6000
-122.373955,47.238297,Costco - 3900 20th St E; Fife,WA 98424>253-719-1953
-122.915908,46.996217,Costco (Gas) - 5500 Littlerock Rd SW; I-5 Exit 102; Tumwater,WA 98512>360-357-9743
-122.760505,47.06002,Costco (Gas/Diesel) - 1470 Marvin Rd NE; I-5 Exit 111; Lacey,WA 98516>360-412-3500
-122.472294,45.622389,Costco (Gas) - 19610 SE 1st St; Camas,WA 98607>360-258-6221
-122.603762,45.685485,Costco (Gas/Diesel) - 6720 NE 84th Street; Vancouver,WA 98665>360-828-2262
-120.280082,47.40158,Costco (Gas) - 375 Highline Dr; East Wenatchee,WA 98802>509-886-0593
-120.500219,46.562265,Costco (Gas) - 2310 Longfibre Rd; Union Gap,WA 98903>509-454-5240
-117.33285,47.65836,Costco (Gas) - 5601 E Sprague Ave; Spokane,WA 99212>509-842-0003
-117.390253,47.760766,Costco (Gas/Diesel) - 12020 N Newport Hwy; Spokane,WA 99218>509-466-9668
-119.23485,46.225851,Costco (Gas) - 8505A W Gage Blvd; Kennewick,WA 99336>509-737-8861
-117.043462,46.423513,Costco (Gas/Diesel) - 301 5th St; Clarkston,WA 99403>509-758-1800
-87.921614,43.432946,Costco (Gas) - 950 Port Washington Rd; Grafton,WI 53024>262-204-1050
-88.11118,43.183387,Costco (Gas/Diesel) - W162 N9235 Pershing Ave; WI-45 Exit 51/52; Menomenee Falls,WI 53051>262-946-6060
-88.231393,43.089596,Costco (Gas) - 443 Pewaukee Rd; Pewaukee,WI 53072>262-956-6700
-88.106354,42.944793,Costco (Gas/Diesel) - 15300 W Grange Ave; New Berlin,WI 53151>262-599-7030
-87.921133,42.564538,Costco (Gas/Diesel) - 7707 94th Ave; I-94 Exit 344; Pleasant Prairie,WI 53158>262-597-1027
-89.519131,43.101305,Costco (Gas) - 2150 Deming Way; Middleton,WI 53562>608-824-3950
-89.273419,43.167476,Costco (Gas) - 2850 Hoepker Rd; Sun Prairie,WI 53590>608-825-4001
-111.68018,40.28002968,Costco (Gas) - 1000 Batker Ct; Verona,WI 53593>608-497-8355
-87.985499,44.457594,Costco (Gas) - 2355 Costco Way; Bellevue,WI 54311>920-469-5700
-88.488986,44.270857,Costco (Gas/Diesel) - 5401 W Integrity Way; Grand Chute,WI 54913>920-363-7000
